ds,yhat,yhat_lower,yhat_upper
2022-01-21,-1176.6906835754626,-3568.560703352243,1276.3152268169006
2022-01-22,-1038.4567304106345,-3602.3398121551195,1311.6026088552223
2022-01-23,-801.2024376258325,-3416.51372592087,1882.0372626377286
2022-01-24,-634.6901544845806,-3126.6907723181603,1701.7948733403464
2022-01-25,-626.2062691416279,-2954.7469430918914,1702.9043149985066
2022-01-26,-565.5850725751645,-3039.836214982413,1898.996276741016
2022-01-27,-335.99322489647,-2792.4302203231614,1947.7071424682215
2022-01-28,-314.04140613421384,-2648.8535567140766,2293.2646407359694
2022-01-29,-191.58606066675782,-2570.1579788412105,2280.018772850083
2022-01-30,28.13943912355353,-2574.001277558321,2297.5653905687846
2022-01-31,175.5096412389654,-2346.1923146023955,2856.033314065181
2022-02-01,163.37371839097682,-2335.4331136134497,2405.953569829275
2022-02-02,202.03351328983376,-2383.2126975138917,2845.4538094884306
2022-02-03,408.4615315875734,-2082.867863942713,2873.3794946904004
2022-02-04,406.19212960097275,-2175.2578896842333,2885.840967109819
2022-02-05,503.52279577372997,-1885.8566738771578,3005.7693024058567
2022-02-06,697.3859950271584,-1675.89201999483,3221.6847194063594
2022-02-07,818.3367967575559,-1534.4841368475538,3372.180567089428
2022-02-08,779.4219232610379,-1777.6585869644775,3188.33423786778
2022-02-09,791.159508375983,-1640.8686829687128,3275.4473747301245
2022-02-10,970.7579980136323,-1594.9438412323473,3438.0340478248795
2022-02-11,942.0072925570919,-1541.7384023257373,3406.359042949803
2022-02-12,1013.4789176143215,-1347.317858122456,3240.1511228053664
2022-02-13,1182.3956201917258,-1228.9165215074179,3786.37290710378
2022-02-14,1279.6155836407083,-1161.8808738512826,3666.4330067743563
2022-02-15,1218.4969182445175,-1173.3547830781654,3732.3663290722343
2022-02-16,1209.8717859491514,-1172.5823521881478,3640.6417862760695
2022-02-17,1371.2587076455002,-961.5696531892328,3870.7730083913166
2022-02-18,1326.7463153468566,-1102.8155269910103,3691.146374979941
2022-02-19,1385.185539736974,-1018.7220276415853,3963.5543798117724
2022-02-20,1544.050869992421,-816.9465249505415,3922.1339002857076
2022-02-21,1634.4161478509084,-854.0051672806997,4158.585799576402
2022-02-22,1569.8108417294957,-873.6261323056019,3850.813768694864
2022-02-23,1561.1864593144487,-903.2774018932217,4079.3821405759245
2022-02-24,1727.727886415167,-647.2954723765723,4112.373620154517
2022-02-25,1691.9135124709042,-632.9273429235132,3993.1866594719095
2022-02-26,1762.5207904622782,-547.4932205501442,4185.596833962127
2022-02-27,1936.878722615467,-541.7321180983616,4364.617554089065
2022-02-28,2045.8426278581253,-540.8411698645436,4299.262568393734
2022-03-01,2002.6513507045051,-329.1403322396557,4362.069847609408
2022-03-02,2017.8966668604837,-343.5854741208513,4332.547169791355
2022-03-03,2208.733770341189,-139.8602111489657,4649.044380562506
2022-03-04,2198.7663661500524,-377.6346586072375,4664.391979015949
2022-03-05,2296.243533623333,-365.9703480908662,4975.351155037022
2022-03-06,2497.9290750259233,-55.07899504707483,4820.439071584665
2022-03-07,2634.0887849355954,267.84149590258994,5031.646832937538
2022-03-08,2617.3614517579913,130.12629349214887,5160.8280241859065
2022-03-09,2657.74300666345,245.23612893860698,5051.539535784004
2022-03-10,2871.8123202414044,397.0162114380187,5242.102080680036
2022-03-11,2882.6317521520646,662.7878973408388,5304.540993917879
2022-03-12,2997.9591775101867,545.7776243721511,5344.763043627843
2022-03-13,3214.1317533331085,901.9289617627533,5655.8334229032625
2022-03-14,3361.066412958542,959.9652661243017,5888.986015301009
2022-03-15,3351.1424695448463,1016.9094328723039,5578.780102389271
2022-03-16,3394.1953448489353,789.2933877870705,5771.998506204852
2022-03-17,3606.7495687810697,1081.0360505568983,5883.173740146034
2022-03-18,3611.9238568244978,1268.3764038305203,5854.123894047382
2022-03-19,3717.644758336911,1295.643353221546,6204.31155926024
2022-03-20,3920.5289850625886,1611.2506871072003,6268.933785182126
2022-03-21,4050.8793376504286,1563.1358949674361,6477.341353960044
2022-03-22,4021.559629906997,1622.698924982087,6395.637142590083
2022-03-23,4042.977736704731,1644.9252852544926,6549.465347330806
2022-03-24,4232.305111551166,1870.1439015747917,6560.023865464252
2022-03-25,4213.365869170717,1747.7533882912883,6404.596140055883
2022-03-26,4294.832296428129,1903.212843044304,6662.8577873298555
2022-03-27,4474.087344968539,1959.7138649522135,6871.927129970025
2022-03-28,4582.19953039428,2250.815401251345,6985.377631355558
2022-03-29,4532.776194904382,2238.8431407343637,6922.290608008071
2022-03-30,4545.336819371714,2251.4963577472986,6695.710643456415
2022-03-31,4729.275505262311,2390.1230252311193,7312.801701191022
2022-04-01,4708.966010707569,2403.8283029606814,7028.962182974299
2022-04-02,4793.52712757852,2385.7196363133103,7095.983849632425
2022-04-03,4980.669355726035,2601.1350848967395,7245.1141154890865
2022-04-04,5101.65684668252,2719.1453544806077,7629.618267577899
2022-04-05,5070.151022253429,2886.8882693479004,7487.104542940024
2022-04-06,5097.165953885801,2676.863282528539,7344.275779981726
2022-04-07,5300.264734380884,2935.402329617005,7783.733977369661
2022-04-08,5303.430720965525,2890.5587728230353,7743.802909285432
2022-04-09,5415.251169705793,3177.6860895929913,7800.5760970937345
2022-04-10,5632.7743220707325,3328.5820822646265,7938.515006147749
2022-04-11,5786.485708260634,3305.67507581815,8279.948177524117
2022-04-12,5789.169782230634,3467.4074767381744,8079.624497385772
2022-04-13,5850.886573893461,3395.920418709086,8385.20654076022
2022-04-14,6088.192088289828,3554.520803879425,8524.975923610855
2022-04-15,6124.035739334156,3617.246144392033,8424.994509437696
2022-04-16,6265.97167151157,3755.4760710564783,8592.058303199916
2022-04-17,6510.044305471754,4050.049788524917,9086.02921330266
2022-04-18,6685.793107949195,4131.4783798300705,8925.323078245123
2022-04-19,6705.141917880608,4197.040624675393,9236.615089888362
2022-04-20,6777.401733684456,4385.7171124176775,9246.513527587089
2022-04-21,7018.514935317624,4675.598796553063,9412.044259063134
2022-04-22,7050.97351843938,4538.735718329052,9687.727558929171
2022-04-23,7182.047550396166,4757.444840968182,9574.365076331163
2022-04-24,7407.683626213286,5036.854959768016,9677.571558165568
2022-04-25,7557.517870404895,5184.479989718468,9976.198385851232
2022-04-26,7543.768479741073,5080.674909248425,9856.310014889104
2022-04-27,7576.236504798488,5206.521303210922,9972.170534246581
2022-04-28,7771.5427747619,5382.317354769445,10085.357524779012
2022-04-29,7753.033616262155,5385.365364734988,9929.050266695029
2022-04-30,7828.991792935642,5547.52659416547,10208.68224737555
2022-05-01,7996.512801166915,5537.527205574179,10238.354971648381
2022-05-02,8086.499998063021,5679.172305701573,10430.827877810016
2022-05-03,8012.501971427795,5523.381411921268,10321.410914094893
2022-05-04,7985.705967228914,5688.149276252787,10046.863401424645
2022-05-05,8124.131693635537,5728.704673003548,10583.598024211298
2022-05-06,8052.501232012808,5692.688172823992,10337.74826431793
2022-05-07,8080.413970359683,5704.5549483564955,10457.400216583213
2022-05-08,8206.187646040686,6011.108074469672,10735.888800672621
2022-05-09,8261.811483085601,6000.264532232682,10641.414998640284
2022-05-10,8161.777952904007,5660.031587680049,10607.19653388645
2022-05-11,8118.023444408962,5762.767874798176,10609.355529245462
2022-05-12,8249.10734873231,5765.198068391894,10746.936820694758
2022-05-13,8180.0637796702595,5695.085240418492,10642.98277999968
2022-05-14,8220.563853650361,5842.221724155477,10667.1714246375
2022-05-15,8368.750047117754,6003.657249180636,10756.49452947108
2022-05-16,8456.1888963765,6162.319682554897,10855.769389544374
2022-05-17,8396.708687449343,6025.380570020938,10867.209787427068
2022-05-18,8401.352374071863,5983.6936225231775,10846.759064030208
2022-05-19,8587.575013417996,6132.470215269908,10917.692184973748
2022-05-20,8579.119560758932,6262.624755396924,11009.864345461334
2022-05-21,8684.20841047537,6250.884305672248,11137.674419953468
2022-05-22,8899.411520612155,6605.618520198954,11432.355539761445
2022-05-23,9054.636577246407,6687.282461603252,11464.818069033176
2022-05-24,9062.006929191914,6715.523131056603,11449.943960013255
2022-05-25,9130.856528858902,6517.279821192199,11640.613378212876
2022-05-26,9376.970106813898,7060.679749970239,11732.270134803934
2022-05-27,9422.501326900641,7259.828385873303,11972.209693098093
2022-05-28,9574.20521123198,7185.642782902149,11865.728470046355
2022-05-29,9827.344599424263,7387.548370799533,12045.140160231043
2022-05-30,10010.715079387024,7649.495531040156,12236.63019024553
2022-05-31,10035.553182579386,7535.661065911334,12426.028967742748
2022-06-01,10110.556248878667,7547.290686911791,12544.567383173644
2022-06-02,10351.14148779965,7866.762336759667,12748.349409437798
2022-06-03,10379.376431744126,7555.184649311889,12881.736183742376
2022-06-04,10502.216684930483,7857.471843510591,13091.272563736271
2022-06-05,10715.41052742564,8312.923909664207,13267.670627601476
2022-06-06,10848.514769835481,8534.019194889734,13233.88962003385
2022-06-07,10813.786848880507,8309.54224517033,13286.629101232029
2022-06-08,10821.181879940334,8376.875715812519,13087.132673835516
2022-06-09,10987.582733005722,8530.401769725642,13256.41200840023
2022-06-10,10936.696010224769,8499.688502305286,13238.531264338788
2022-06-11,10977.250661815853,8541.840158264042,13367.26115295147
2022-06-12,11106.859755748,8698.034769926386,13625.577666211982
2022-06-13,11156.990875925216,8649.416912635035,13479.196077190534
2022-06-14,11041.811240782517,8652.407720412784,13559.971690822838
2022-06-15,10973.13747608338,8445.1905716368,13367.672018543613
2022-06-16,11069.619288814314,8645.018439885409,13528.439323354518
2022-06-17,10956.59110604662,8761.858168592229,13509.65372643162
2022-06-18,10944.229551070865,8410.35728916082,13352.362438800836
2022-06-19,11031.378331280237,8349.657253342817,13558.092966633283
2022-06-20,11050.486967299552,8462.249213061456,13527.882726469794
2022-06-21,10916.430280410623,8528.256253327318,13268.668516738124
2022-06-22,10841.439245701138,8504.362445492008,13497.091601673925
2022-06-23,10944.272961886452,8286.139200185027,13380.929265159988
2022-06-24,10850.066122536286,8409.496706800848,13278.949897571758
2022-06-25,10868.489989850232,8636.966480394112,13411.174077643953
2022-06-26,10997.588378408916,8603.162723450925,13453.29618340555
2022-06-27,11068.734816808861,8707.78382086594,13583.826472094888
2022-06-28,10995.47735450954,8673.31456403031,13490.921525553993
2022-06-29,10988.50099484656,8381.855186292974,13444.818802978712
2022-06-30,11164.83671796248,8701.08259998409,13486.419910785737
2022-07-01,11147.750550747065,8435.140707779181,13566.019662614428
2022-07-02,11244.949640790475,8873.523466164788,13405.719507825619
2022-07-03,11452.465708202202,8946.669968413175,13952.746961458815
2022-07-04,11599.660849549013,8900.29051741811,13964.46765309958
2022-07-05,11598.120938494281,9020.67439403939,13975.0246470059
2022-07-06,11656.665383923952,9207.566165882907,14088.620943738126
2022-07-07,11890.601023360807,9579.68349714512,14410.146394453943
2022-07-08,11921.65247902293,9361.115941378248,14148.421169370708
2022-07-09,12056.204949604387,9659.024890306895,14234.816555868947
2022-07-10,12289.218817949251,9874.763054696832,14773.564258577233
2022-07-11,12449.260371963766,9950.319912840494,14983.841508112739
2022-07-12,12447.413239286343,10090.336309792045,14999.986635970274
2022-07-13,12492.298882331648,9968.536470840192,14847.349487768224
2022-07-14,12699.33369692785,10176.106663747369,15286.691598967242
2022-07-15,12690.65500960842,10184.606754078137,15214.946126653547
2022-07-16,12773.352056214575,10242.735745334126,15147.29463178977
2022-07-17,12943.361750600714,10508.862160771447,15211.483553119127
2022-07-18,13030.47397532703,10518.076004429104,15532.534464177546
2022-07-19,12947.21172418382,10601.083600259131,15351.459002187583
2022-07-20,12903.81526654153,10325.094497131444,15459.186963618948
2022-07-21,13017.458832359793,10657.90881262593,15462.484843976294
2022-07-22,12912.133166456148,10338.006404040098,15441.044143750478
2022-07-23,12896.831158117431,10406.766777013228,15230.420346367608
2022-07-24,12969.397518385205,10618.494135222192,15238.408812794358
2022-07-25,12961.488409930756,10279.19338078581,15181.169626231154
2022-07-26,12787.407511219157,10367.854674082999,15126.413908350592
2022-07-27,12659.048785674715,10109.009395309908,15064.757082302212
2022-07-28,12695.07547595574,10240.086197389344,15192.97982171084
2022-07-29,12520.769587631257,10183.932860305773,14877.876810394191
2022-07-30,12446.189855460381,10139.156569848004,14877.452548626265
2022-07-31,12469.999803585824,9761.570693185413,14955.402199757596
2022-08-01,12424.412280044617,10103.417682191193,14860.88716057683
2022-08-02,12224.01724830835,9836.823651308176,14622.867171218222
2022-08-03,12080.723226905178,9787.8783214643,14356.24429391238
2022-08-04,12112.94183552444,9765.037596455288,14422.882877244789
2022-08-05,11945.449471642954,9251.500163793402,14460.38331633015
2022-08-06,11887.563700263852,9447.334898097972,14212.483907512204
2022-08-07,11936.995399824425,9509.199933378906,14472.597261923416
2022-08-08,11924.82233549808,9358.217441013823,14367.097021001007
2022-08-09,11764.350112869834,9530.194231126776,14106.271808576497
2022-08-10,11666.08996864405,9269.75739249544,14080.220479009484
2022-08-11,11746.981895921897,9305.907740815956,14201.530648233469
2022-08-12,11630.296010618487,9252.495315648166,14176.482389470613
2022-08-13,11623.848758382119,9336.963393333359,14033.906721169382
2022-08-14,11723.89392184039,9205.457256468813,14159.738581199173
2022-08-15,11760.133101452057,9444.928336473446,14109.776217549104
2022-08-16,11644.61068410123,9210.606370656658,14135.60404987237
2022-08-17,11586.72191554875,9193.220224990031,14019.277997352927
2022-08-18,11702.461801032652,9201.06595105899,14141.403159889427
2022-08-19,11614.347210406402,9145.983154644553,14114.194039705075
2022-08-20,11629.648251876533,9014.409826136283,14050.449365502667
2022-08-21,11744.288606768328,9426.575163271007,14218.195356979897
2022-08-22,11787.859347523125,9445.740593905719,14205.087590743295
2022-08-23,11672.5112724253,9283.178597752838,14253.392991857456
2022-08-24,11607.954552620078,9337.138299296641,14019.892587653745
2022-08-25,11710.693748039068,9463.410361945105,14252.296142066214
2022-08-26,11603.931042632144,9231.113041216564,14051.724095441736
2022-08-27,11595.774363695238,9237.508455514022,14305.752864618513
2022-08-28,11683.110786983167,9471.89991711486,14231.693002482385
2022-08-29,11696.590546713769,9175.026619451635,14094.553382405966
2022-08-30,11549.487545491344,9272.750602821721,14030.804966940188
2022-08-31,11452.666061412243,9164.656673320904,13937.928815559277
2022-09-01,11523.782625669543,9207.10250836769,14056.756105051325
2022-09-02,11387.156827462682,9086.389507561156,13826.473787817624
2022-09-03,11351.94858254772,8814.398165775694,13782.913416739104
2022-09-04,11416.003080497165,8971.979800546123,13997.690374228745
2022-09-05,11410.809463655933,8989.671697940954,13752.370772800128
2022-09-06,11250.339768374482,8761.792833232117,13771.601266135927
2022-09-07,11145.998347152043,8635.881902260311,13432.138308724167
2022-09-08,11215.811139762332,8776.167731478086,13454.477875090164
2022-09-09,11084.288809557765,8706.878634743061,13513.78114722783
2022-09-10,11060.601400404132,8495.541236164143,13571.053833516959
2022-09-11,11142.425707277795,8826.850035546855,13625.304300645963
2022-09-12,11160.91125331118,8687.423700320045,13716.085410282696
2022-09-13,11029.529630145316,8524.180787603165,13747.61202021923
2022-09-14,10959.04441841791,8571.734334062989,13328.387876731758
2022-09-15,11066.715714839302,8683.754284124305,13451.549380453847
2022-09-16,10976.187492356641,8523.888420990208,13415.17207456286
2022-09-17,10995.687354262504,8456.635899404868,13447.34684052849
2022-09-18,11121.900621303528,8403.844986558986,13576.890675551766
2022-09-19,11184.963877601267,8814.621953931972,13693.695322896623
2022-09-20,11097.343438462536,8681.30668334235,13466.642052572179
2022-09-21,11068.827783072937,8624.69729467896,13538.880733452641
2022-09-22,11215.762070921264,8734.077374782999,13604.197219954636
2022-09-23,11160.957471430913,8592.869978998035,13476.019999465767
2022-09-24,11211.911674506027,9057.710965186732,13535.62425850667
2022-09-25,11364.700522088948,9037.69109874807,13801.240592981143
2022-09-26,11448.985469684858,9200.342780946045,13883.007545109069
2022-09-27,11376.902033780196,8947.346597465117,13919.555158625459
2022-09-28,11358.058077224734,8900.883257586778,13960.346462846535
2022-09-29,11508.769979775903,9248.470027917576,13876.831301269582
2022-09-30,11451.969470601802,8754.592688121607,13824.630469336807
2022-10-01,11495.417652947051,9041.186401462039,13776.393686598605
2022-10-02,11635.5864318746,8927.60669317237,14193.652747698128
2022-10-03,11702.652423214504,9398.574382647666,14134.300757714112
2022-10-04,11609.368954738442,9341.454192897238,13944.267813217019
2022-10-05,11566.045537851638,9054.0684839762,14072.597608227992
2022-10-06,11689.763437942705,9185.551207172672,14110.663591006345
2022-10-07,11604.26073806074,9326.891561777218,14040.810079543791
2022-10-08,11618.124062547164,9160.297407697868,14125.023220939072
2022-10-09,11728.647807842972,9269.550869626932,14099.731305255787
2022-10-10,11766.806576600136,9424.38793295234,14172.18346119474
2022-10-11,11646.10700842651,9360.770813972618,13981.283462983487
2022-10-12,11577.548916222451,9301.049650966064,14048.187896088131
2022-10-13,11678.824821132863,9278.454174226765,14050.67282135829
2022-10-14,11574.191667897081,9113.221987457984,13906.600869757902
2022-10-15,11572.652187178739,9086.15376549949,14048.204789445062
2022-10-16,11671.806643372423,9165.288333718689,14129.24488689267
2022-10-17,11702.822346081994,9271.745595216213,14046.75074558611
2022-10-18,11579.283980799692,9127.92132804853,13910.322203565163
2022-10-19,11512.15772836443,9006.920677973456,13851.65355139391
2022-10-20,11618.996513820059,9125.911276171619,14172.499459392666
2022-10-21,11523.820218257219,9079.131477582083,13884.979220293244
2022-10-22,11535.30798269303,9059.95419860805,13920.51887452874
2022-10-23,11650.663256945307,9155.750586425966,14243.535531880965
2022-10-24,11700.596948268376,9439.233038554288,14260.016300916122
2022-10-25,11598.19438828637,9116.844202523009,14024.119323340956
2022-10-26,11553.895436336643,9058.83481822278,14114.579037418505
2022-10-27,11684.716125720752,9239.341359414491,14206.48043620267
2022-10-28,11614.144875276306,9257.643870729515,13872.732116819245
2022-10-29,11650.349925074263,9318.583501288533,13930.880261149561
2022-10-30,11790.058218737124,9365.772165463806,14149.705791895802
2022-10-31,11863.550708583207,9551.703686501776,14118.136652692943
2022-11-01,11783.539485784926,9293.541637658263,14320.566627548927
2022-11-02,11760.155807720479,9390.10174041858,14213.379840232592
2022-11-03,11910.177259405627,9333.26151520164,14222.568551067227
2022-11-04,11856.926981529487,9337.54673880825,14207.96354374119
2022-11-05,11908.4816147399,9496.649431700518,14315.941723869963
2022-11-06,12061.548252607345,9642.867862134099,14309.202859598365
2022-11-07,12146.455524592804,9682.08960086784,14684.820137718132
2022-11-08,12076.02442528243,9741.765389186487,14423.712467889796
2022-11-09,12060.548236909764,9754.458214075747,14523.106131461089
2022-11-10,12217.010107682976,9744.05865273165,14671.69551949544
2022-11-11,12168.971583592851,9825.19961344718,14856.901468446933
2022-11-12,12224.769135604485,9756.519212712143,14629.491167025086
2022-11-13,12381.379381114479,10056.963079244257,14694.10705552965
2022-11-14,12469.398528425458,10166.97752317554,14908.089060543294
2022-11-15,12401.902055961324,10030.136371248815,14942.095640202553
2022-11-16,12389.414344306122,10125.723557570334,14794.790793030823
2022-11-17,12549.117158904737,10114.903115440216,14928.484793077963
2022-11-18,12504.7305705275,10229.111827403853,14957.590092981749
2022-11-19,12564.240337795924,10089.128371682797,15187.936899837223
2022-11-20,12725.14888817442,10384.83402252165,15186.966991256808
2022-11-21,12818.063007769393,10504.338295836718,15520.402291622333
2022-11-22,12756.016818923334,10361.21330190439,15190.060558889174
2022-11-23,12749.443472261091,10337.327554381083,15139.886313210842
2022-11-24,12915.387609238347,10621.527412695468,15401.50138190531
2022-11-25,12877.392025283145,10476.840911659247,15329.69946350689
2022-11-26,12943.695596860267,10556.45839862043,15341.13022465395
2022-11-27,13111.103082706906,10803.955750887757,15546.72347691364
2022-11-28,13209.97213374633,10780.794718832414,15649.938772805883
2022-11-29,13153.083231285302,10616.717331826289,15680.566884412772
2022-11-30,13150.621892300518,10667.033459474142,15506.374885301737
2022-12-01,13319.40158659299,10905.436039928594,15678.391175519111
2022-12-02,13282.760441604007,10799.668304100043,15688.77119833767
2022-12-03,13348.768459493018,11131.62539256104,15782.25320023939
2022-12-04,13514.105544268938,10843.981440190064,15834.841009798036
2022-12-05,13609.055397017111,11029.238644962517,15969.582428862333
2022-12-06,13546.380766816063,11313.615348210918,15787.178951075282
2022-12-07,13536.3092156307,11163.24735541696,15931.341936674278
2022-12-08,13695.757718137565,11293.310928630506,16197.879822714578
2022-12-09,13648.229108662283,11283.844729829098,15980.095888147825
2022-12-10,13702.017097856344,11212.70527021294,15885.258588343591
2022-12-11,13854.080216164028,11330.798246324872,16296.713106531284
2022-12-12,13935.029860176537,11584.694691566538,16287.937243525843
2022-12-13,13857.998102148289,11099.983266693447,16202.738515211977
2022-12-14,13833.614642348666,11423.027690413077,16421.541188958876
2022-12-15,13979.221487945668,11374.141200411956,16293.555058746597
2022-12-16,13918.758666125374,11479.282288557406,16186.059750720166
2022-12-17,13960.958012845182,11515.385273840877,16249.717311550907
2022-12-18,14103.205726160606,11790.877826244283,16417.663413536357
2022-12-19,14176.51919477306,11628.711730635365,16617.677850942477
2022-12-20,14094.404088888752,11634.694120868924,16577.4285151314
2022-12-21,14067.821402067899,11701.53422089676,16436.544648062827
2022-12-22,14211.604013360859,11824.14710533638,16532.70889491469
2022-12-23,14152.702805145607,11742.368386231945,16612.650912821362
2022-12-24,14200.006618783165,11770.532265954389,16811.66162415946
2022-12-25,14350.98985496304,11944.215745393696,16659.721515573754
2022-12-26,14436.686850417662,12106.902999727785,16941.29532547816
2022-12-27,14370.548361778496,11859.607713256406,16870.88938468549
2022-12-28,14363.40983695194,11829.180593040091,16825.19194461032
2022-12-29,14532.700276702752,12197.147643585055,17056.41580804392
2022-12-30,14502.325125778632,12155.937328945089,16920.187223092762
2022-12-31,14580.860276581896,12068.709607068347,17012.365418046124
2023-01-01,14765.41782598936,12136.029375368584,17160.31876486225
2023-01-02,14886.628960682414,12375.287457526654,17426.73524565505
2023-01-03,14857.509741510212,12496.980640431628,17255.3912800931
2023-01-04,14888.43918589628,12473.979184590205,17364.976103659574
2023-01-05,15096.37816142739,12548.46977749977,17559.778078238476
2023-01-06,15104.762241624905,12704.619791367484,17633.257774857324
2023-01-07,15221.705328904955,12648.215574728325,17550.745014672095
2023-01-08,15443.874426374223,12956.993612799371,17861.12219024553
2023-01-09,15601.480701804772,13092.991716795628,18085.696285255854
2023-01-10,15607.152416111387,13293.636317012777,18014.89219800203
2023-01-11,15670.918956633279,13440.448082790605,17903.046930555913
2023-01-12,15909.434373366374,13446.1318862006,18149.82295150377
2023-01-13,15945.873500583915,13677.993972119715,18273.99747694357
2023-01-14,16088.137447843077,13633.751776197016,18707.666225785353
2023-01-15,16332.728868001126,13888.28428435864,18734.870767671066
2023-01-16,16509.742216490387,14130.279645305316,18719.03326433698
2023-01-17,16531.73468632966,14193.214207943704,18891.88352340568
2023-01-18,16608.70720764632,14191.729506579499,19130.951155133767
2023-01-19,16857.32408841875,14512.47856103133,19213.019525221313
2023-01-20,16900.804580461314,14417.713689966122,19402.096802187523
2023-01-21,17047.1233713513,14634.376190976665,19378.494704539386
2023-01-22,17292.880633513214,14950.544194711687,19495.239699395268
2023-01-23,17468.28706674588,15112.41467711557,19886.100410436393
2023-01-24,17486.011146084307,15136.927778508041,19841.511795305778
2023-01-25,17556.21158245647,14989.646477773182,20051.95111081011
2023-01-26,17795.696894470784,15430.557582210522,20040.445786670854
2023-01-27,17827.832362498477,15293.270603849363,20315.152934529222
2023-01-28,17960.73804466694,15552.713049408125,20415.36810622829
2023-01-29,18191.157234338603,15891.038545726822,20667.423577087335
2023-01-30,18349.440817190232,15967.916989921681,20790.381248743313
2023-01-31,18348.41340422779,16011.97311065189,20816.59695358309
2023-02-01,18398.350762402166,16097.906616138129,20790.844482565833
2023-02-02,18616.197189008817,16053.17992977259,21098.554459093288
2023-02-03,18625.45611772452,16262.56461788306,21052.181473582856
2023-02-04,18734.39089558607,16185.273396213843,21247.29432991638
2023-02-05,18939.896238373614,16363.232267849242,21324.130227281774
2023-02-06,19072.48561983892,16700.126272143043,21629.73480828005
2023-02-07,19045.160261131627,16579.844102674822,21340.854869680905
2023-02-08,19068.38903329879,16619.259915062874,21511.902912877653
2023-02-09,19259.32772006167,16758.08920096202,21675.21454604625
2023-02-10,19241.71074788948,16807.78619468507,21524.664424977964
2023-02-11,19324.052167885446,16833.308677409615,21771.078237568065
2023-02-12,19503.516275227812,17089.464620426264,22146.957783514754
2023-02-13,19610.903038968103,17219.444781893708,22092.876437550134
2023-02-14,19559.51396962066,17112.90124637818,22000.532496702508
2023-02-15,19560.127745486418,17255.7547713134,22010.608540445497
2023-02-16,19730.21410144528,17411.96348830482,22151.127591755703
2023-02-17,19693.819192111376,17413.662399733676,22049.865124829037
2023-02-18,19759.75936516457,17263.252099255602,22071.016633552215
2023-02-19,19925.483924631506,17328.11501422349,22376.22584716084
2023-02-20,20022.052288430023,17537.562349376185,22259.493429807284
2023-02-21,19962.99142976103,17542.012554741363,22419.496071537946
2023-02-22,19959.263208006323,17641.83557545743,22511.44859180712
2023-02-23,20128.470390955383,17659.28484879153,22556.36599223724
2023-02-24,20094.734881787248,17812.155019073638,22390.7064790378
2023-02-25,20166.885381162432,17849.862079147682,22603.01726221882
2023-02-26,20342.315341256824,17932.499205456166,22867.756828941805
2023-02-27,20448.62672074263,18101.437438058016,23009.513921335507
2023-02-28,20402.476364580558,17911.67565023268,22741.39082280887
2023-03-01,20414.553334423075,18030.445682910024,22688.000928446167
2023-03-02,20602.11754800213,18333.61241939199,22953.81913777513
2023-03-03,20588.88256970157,18176.199242210187,23147.80422255885
2023-03-04,20683.209914255523,18123.794349065985,23092.22748258794
2023-03-05,20881.97564079384,18558.030108261923,23262.638358731278
2023-03-06,21015.55474422917,18847.7772497443,23442.1400087099
2023-03-07,20996.68923368228,18384.06556292695,23450.72553508617
2023-03-08,21035.46939632517,18509.35388817979,23272.568219377048
2023-03-09,21248.55683237693,18958.53613264173,23818.598282229566
2023-03-10,21259.08245177269,18811.505452551904,23840.54672958374
2023-03-11,21374.85623868405,18839.28276423423,24086.91929127206
2023-03-12,21592.24912423119,19122.97327916925,23976.088716726066
2023-03-13,21741.192024358137,19157.181402544928,24083.737129599045
2023-03-14,21734.057482749915,19240.29891195452,24249.73582567126
2023-03-15,21780.65298128436,19347.79480466202,24252.491938808827
2023-03-16,21997.45409561379,19435.21376139662,24352.78944189825
2023-03-17,22007.510319338464,19449.456087837207,24362.16521249367
2023-03-18,22118.66004951302,19706.78065207977,24476.569753409585
2023-03-19,22327.414825310785,19952.040961264946,24732.505380190625
2023-03-20,22463.957702881187,19942.83736018428,24994.92964477582
2023-03-21,22441.02111463951,20069.266979202286,24799.52858834192
2023-03-22,22468.87327159161,20099.64227493114,24673.21148969853
2023-03-23,22664.541373174183,20348.341316566868,25174.760185663443
2023-03-24,22651.70462604413,20169.001695883704,25230.786739146024
2023-03-25,22738.89383132827,20324.90393373293,25211.146814257896
2023-03-26,22923.357982629735,20552.302705277478,25405.346419016336
2023-03-27,23036.04318435652,20620.81084315699,25539.386620757403
2023-03-28,22990.449731023633,20575.01190688387,25399.179712980178
2023-03-29,22997.596952095748,20482.34329108497,25352.450488984632
2023-03-30,23175.224672028748,20631.319430455496,25555.494693438442
2023-03-31,23147.664895582988,20630.955018875407,25584.254351291504
2023-04-01,23221.06923355218,20900.162491069488,25593.537877486175
2023-04-02,23396.11241254389,21039.18929656522,25728.64700748123
2023-04-03,23504.099159012334,21186.941895615317,25800.614166418552
2023-04-04,23458.759421902803,21120.376550994428,25764.70984125886
2023-04-05,23471.20270774979,21157.0686543369,25867.68033740236
2023-04-06,23659.112626279893,21272.352556392118,26121.90346486299
2023-04-07,23646.615554781096,21110.50801952868,25888.64790004262
2023-04-08,23742.46099232275,21379.514093884278,26204.82928127279
2023-04-09,23943.874736759422,21576.33759748769,26356.84817260107
2023-04-10,24081.530740693135,21694.39348850564,26289.041910220265
2023-04-11,24068.40787025499,21556.843800142466,26525.696180903033
2023-04-12,24114.761375801816,21725.790573850714,26713.902534416946
2023-04-13,24337.337939510977,21900.810542171148,26728.53141192064
2023-04-14,24359.267730721487,22001.470544842727,26649.93666800191
2023-04-15,24488.270469853684,22119.766481947147,26983.555678420482
2023-04-16,24720.535984532107,22359.384619918805,27207.500947778586
2023-04-17,24885.7244020902,22502.992089396535,27346.391666247324
2023-04-18,24895.851446087592,22551.24740332762,27466.013877226807
2023-04-19,24960.2878656172,22569.89271664995,27356.798315339896
2023-04-20,25195.001079199996,23109.418851771876,27868.965080527505
2023-04-21,25222.471699801194,22832.039894951584,27543.747827161937
2023-04-22,25349.92121807357,22954.96795727536,27736.62119165121
2023-04-23,25573.210665258695,23278.170951653232,27880.668841558614
2023-04-24,25721.854818986743,23261.353820583325,28209.167722675542
2023-04-25,25707.916937705268,23208.457941454108,28042.399405712837
2023-04-26,25741.012685097765,23212.707407082,28264.576162101785
2023-04-27,25937.551085831576,23528.342261090125,28200.121079357017
2023-04-28,25920.645074919503,23542.622123254867,28471.902535533758
2023-04-29,25998.327955406035,23596.73434961495,28479.370492765276
2023-04-30,26167.435767008326,23803.610175149723,28402.231645791224
2023-05-01,26258.60045168164,23771.98464949149,28666.955592355265
2023-05-02,26185.1192599538,23797.497795556657,28524.199972998464
2023-05-03,26157.92964297977,23693.54769544061,28653.41821494403
2023-05-04,26294.81816715803,23837.768353291718,28748.396750934015
2023-05-05,26210.08976455235,23949.61216665789,28705.750775786863
2023-05-06,26223.369697598726,23893.75357401716,28730.493009946687
2023-05-07,26332.828763685407,23956.604358926477,28769.198744411402
2023-05-08,26370.34796952577,23964.00041876896,28855.74300504984
2023-05-09,26250.353873133197,23904.374294645295,28540.427675944116
2023-05-10,26184.761808104333,23897.5547526872,28675.58942338963
2023-05-11,26292.15640996995,24088.639594849254,28640.722197779913
2023-05-12,26197.64360850372,23847.961532663765,28527.498364017552
2023-05-13,26211.01198264341,23815.72737515589,28594.334288546106
2023-05-14,26330.56500007191,23844.217535492833,28665.37950385559
2023-05-15,26388.07044228494,24110.104247478946,28797.753957893103
2023-05-16,26297.59372958372,23914.035232881637,28622.791830532147
2023-05-17,26270.445480781476,23922.282029390637,28654.73869048516
2023-05-18,26424.372721427484,24043.085821946283,29036.949633747554
2023-05-19,26383.427730636264,23907.993481592617,28677.854665611394
2023-05-20,26456.152083777135,23986.71254355542,28712.953793467896
2023-05-21,26639.436914814527,24420.281782898706,29015.610410175796
2023-05-22,26763.5050531436,24384.89012407745,29252.157630057667
2023-05-23,26740.780970888212,24215.190300788145,29277.434835443946
2023-05-24,26780.877983424718,24434.86419605041,29469.150373954744
2023-05-25,26999.83113365299,24502.839891056934,29395.513235085644
2023-05-26,27020.008700488655,24749.101259317405,29476.977064679377
2023-05-27,27148.338799898323,24678.203583422244,29740.397352651526
2023-05-28,27380.21100240424,25231.38503800866,29817.998997542552
2023-05-29,27544.497540033073,25011.320544583585,29900.734221395218
2023-05-30,27552.459003633907,25119.495529726788,30012.035268517673
2023-05-31,27612.763012888834,25288.56283310594,30068.368015127817
2023-06-01,27840.743429869905,25298.92070357709,30347.99990575549
2023-06-02,27858.332321344176,25449.024665773668,30096.085569602845
2023-06-03,27972.300547927152,25614.61802700974,30245.562140334816
2023-06-04,28178.166475694772,25866.16237285933,30533.99842067182
2023-06-05,28305.217129628418,25851.08175367362,30906.34857073953
2023-06-06,28265.406619135196,25762.901079134564,30586.900730485635
2023-06-07,28247.594105592598,25742.07876473023,30634.543456658987
2023-06-08,28389.080823699205,25933.960102906058,30797.853132480912
2023-06-09,28313.215560255052,25850.01608917525,30899.852311085466
2023-06-10,28328.368395605365,25979.30467334037,30642.44670073375
2023-06-11,28431.80136115544,26063.72134513514,30747.900846740882
2023-06-12,28454.64759045155,26042.209779161323,30768.108171473665
2023-06-13,28310.764832594126,25915.429406797517,30760.40184771604
2023-06-14,28211.693046657696,25729.062477286996,30793.966938474354
2023-06-15,28275.845122538958,25780.444033210675,30606.226772849608
2023-06-16,28128.364609605356,25793.93223035733,30677.002352049964
2023-06-17,28079.288166743503,25825.30073811522,30589.53595602919
2023-06-18,28127.37417760239,25765.929140880107,30528.7523740385
2023-06-19,28105.0438613435,25465.62210028708,30403.743222693785
2023-06-20,27927.201730988672,25651.707252461096,30420.447520148788
2023-06-21,27806.165977786903,25517.92795720647,30266.97120926051
2023-06-22,27860.83854038729,25248.133142103285,30299.508784181766
2023-06-23,27716.54928809308,25321.970212407887,30066.575699133777
2023-06-24,27683.21239948245,25377.072403466485,30138.396963634586
2023-06-25,27759.156557590184,25265.44593364115,30088.159984813537
2023-06-26,27776.075273964074,25504.351478973585,30130.759760091783
2023-06-27,27647.86398032986,25377.368626676405,29905.193123725512
2023-06-28,27585.574062717118,25090.840995168128,30107.322012396395
2023-06-29,27706.61301322312,25271.888846653215,30036.097551099178
2023-06-30,27634.624379927478,25087.83491767673,30139.947043187934
2023-07-01,27677.68470160444,25152.211288167182,30225.23342561487
2023-07-02,27832.178030981777,25548.465088664845,30337.418952066593
2023-07-03,27927.793244969707,25687.34668506353,30239.237940872317
2023-07-04,27876.409599107104,25375.873981476238,30256.743461718062
2023-07-05,27887.099482640733,25524.287136124643,30182.755867210704
2023-07-06,28075.376325625723,25655.50836577241,30577.006347798982
2023-07-07,28063.120141128114,25680.142587230726,30485.72518026888
2023-07-08,28156.816749089077,25819.952279831265,30696.01393229677
2023-07-09,28351.47023230303,25986.35427594245,30751.48483397309
2023-07-10,28455.22281781231,25844.552276248367,30871.287030407788
2023-07-11,28399.497168222977,25926.072083011855,30907.809985691467
2023-07-12,28392.788738984644,25972.467567119424,30537.968794120254
2023-07-13,28550.33634189741,26201.608957476015,31000.062167331165
2023-07-14,28494.05278691003,26102.16227432885,30899.36382659503
2023-07-15,28530.761624906947,26101.659176115896,30806.220773002235
2023-07-16,28656.099646642302,26355.52638492046,30846.698887978193
2023-07-17,28699.529692273034,26360.54930368899,31121.15661903951
2023-07-18,28573.228904902942,26051.733603248034,31055.090349741382
2023-07-19,28487.081387910133,25941.176736194753,30989.123031218027
2023-07-20,28557.90354648557,26158.575998318305,30938.08162057758
2023-07-21,28409.33524112619,25780.574572559344,30717.49322092901
2023-07-22,28350.033741662333,26001.505671267554,30937.60803584399
2023-07-23,28377.53124565591,26176.606223864204,30796.265837815426
2023-07-24,28323.201671992636,25906.67301847719,30755.446432393903
2023-07-25,28101.10303662481,25591.567131066513,30458.977576022542
2023-07-26,27922.925530234752,25483.16707981809,30470.200690256028
2023-07-27,27907.174694482444,25611.702724129358,30412.90487363258
2023-07-28,27679.02386825946,25223.264620285907,29819.767955651994
2023-07-29,27548.473836914007,25033.595710960853,29997.294115470682
2023-07-30,27514.181269512315,25065.934404213465,29863.248477654804
2023-07-31,27408.402332596066,24972.165953686126,29726.575583412414
2023-08-01,27145.818304947847,24916.132206300736,29607.228028878028
2023-08-02,26938.473658546045,24712.060595431856,29450.131599742734
2023-08-03,26904.956168194913,24646.15635692087,29453.129396128366
2023-08-04,26670.253204921137,24099.975240240936,29188.725377986648
2023-08-05,26543.92194988852,24280.919347746236,28787.301229173176
2023-08-06,26523.93474486847,24240.603752109168,28800.182944729906
2023-08-07,26441.64543744672,24102.497762968746,28909.62732614623
2023-08-08,26210.642869767154,23753.132386337893,28754.013113414097
2023-08-09,26041.721174316583,23576.37031694646,28429.480894961453
2023-08-10,26052.09553428725,23514.29708984422,28752.380095143806
2023-08-11,25865.29658060608,23464.447386549575,28156.236719375447
2023-08-12,25789.3801283226,23330.013006648576,28189.157786077543
2023-08-13,25820.812001188282,23364.420034599574,28093.3859911384
2023-08-14,25789.474802273453,23496.55293665317,28230.032688315892
2023-08-15,25607.55765907128,23015.711647421987,27917.659648022094
2023-08-16,25484.561751023848,23135.936439865356,27857.037816078733
2023-08-17,25536.5473530033,23380.92864927267,27987.664752504737
2023-08-18,25386.05521138616,23025.192710934043,27803.860453250076
2023-08-19,25340.33831607891,23037.57463743781,27766.334635603293
2023-08-20,25395.263729911847,22925.466713598154,27740.466091393577
2023-08-21,25380.32893761525,22965.662980707908,27677.628561245972
2023-08-22,25207.557660877355,22639.260081663004,27658.573350209637
2023-08-23,25086.50382387629,22589.778773014663,27523.543791059645
2023-08-24,25133.491593866507,22679.752472773853,27633.395630194114
2023-08-25,24971.52419825974,22466.821684741077,27578.181557201904
2023-08-26,24908.498021395244,22605.356826570805,27225.60067712961
2023-08-27,24941.08221305981,22567.33767501888,27385.58727806541
2023-08-28,24899.70895495091,22397.161840721703,27330.99925275992
2023-08-29,24697.44010868111,22398.842969098652,27010.42894373405
2023-08-30,24544.939777310585,22119.151938208164,26860.036398449334
2023-08-31,24559.681599011503,22038.188461494683,26849.620799157812
2023-09-01,24365.824389626083,22012.677510008856,26738.38720020677
2023-09-02,24272.3935486348,21994.541533788186,26651.58500706546
2023-09-03,24277.12934310288,22084.399374414686,26574.053834074377
2023-09-04,24211.448045810874,21712.860907311355,26864.68587600358
2023-09-05,23989.28240679271,21513.54421810743,26440.58689339443
2023-09-06,23822.031652002956,21497.73935842036,26241.799342908645
2023-09-07,23827.750378962097,21441.332752240265,26230.65371977368
2023-09-08,23631.010393489876,21200.570763397016,25958.74102236853
2023-09-09,23541.07319590993,21123.505588951277,25970.697214355943
2023-09-10,23555.734385703166,20910.862566627206,26237.980810730925
2023-09-11,23506.28597395266,21017.450952737996,25976.67092478258
2023-09-12,23306.362956630397,20954.462166789373,25698.28346334566
2023-09-13,23166.904082909725,20620.10003204281,25614.395718764954
2023-09-14,23205.35580484983,20783.646826509364,25503.122251614594
2023-09-15,23045.55295633736,20547.792554911135,25323.944104332153
2023-09-16,22995.91328764524,20505.28686973752,25566.912523489387
2023-09-17,23053.306440859866,20573.031786453532,25472.89505513715
2023-09-18,23048.042646691312,20561.70164740512,25691.394853109097
2023-09-19,22892.746726319736,20475.22530802606,25240.221488241026
2023-09-20,22797.34655830733,20385.313132957046,25226.038651027204
2023-09-21,22878.304228645735,20629.623911206098,25207.389574523542
2023-09-22,22758.522673892505,20411.469314883707,25095.53335961317
2023-09-23,22745.56424500233,20345.339777785226,25251.976789226184
2023-09-24,22835.541169946922,20274.568002447748,25062.526369126088
2023-09-25,22858.1226395255,20450.731833051745,25220.57718829182
2023-09-26,22725.4236652429,20242.45266316538,24931.37755825106
2023-09-27,22647.004532349285,20037.354584431494,25022.785174067387
2023-09-28,22739.10884569937,20232.835337853234,25022.64376233447
2023-09-29,22624.57287682768,20207.223834718192,24939.739968867998
2023-09-30,22611.042657630336,20192.072310335978,24911.519951811686
2023-10-01,22694.858932989373,20376.6545603455,25146.994084391452
2023-10-02,22706.05494128686,20320.60040044907,25070.836164321707
2023-10-03,22557.232517355893,20263.565294135107,25162.00080696264
2023-10-04,22458.545775864844,20086.116458155717,24895.001025066416
2023-10-05,22526.920882728355,20076.033597021597,24871.595122112634
2023-10-06,22385.945191820156,19957.76057644969,24908.926038735128
2023-10-07,22344.062802728742,20025.22909582801,24700.82936292969
2023-10-08,22398.43728542247,19913.05712089724,24854.14871679532
2023-10-09,22379.9271788511,20005.032241142475,24941.77438484894
2023-10-10,22201.94038225646,19598.059407365774,24525.803391804508
2023-10-11,22075.39729000926,19547.714701246623,24643.761240565167
2023-10-12,22117.931722517682,19425.809116611294,24591.067849186755
2023-10-13,21953.763413040047,19453.42078745467,24328.595927596
2023-10-14,21891.879513685137,19533.827164785078,24258.568741697207
2023-10-15,21929.886188948585,19390.24407609536,24307.45645528401
2023-10-16,21898.97613378926,19417.457932126756,24307.361208163864
2023-10-17,21712.778267967733,19168.15699068943,24051.185827447873
2023-10-18,21582.31949173604,19081.700476727736,24109.334548113762
2023-10-19,21625.227505991716,19204.854404793623,24110.139156124846
2023-10-20,21465.608232163035,18905.888424598455,23936.89367699304
2023-10-21,21412.235188934057,18704.51158240667,23929.78159445368
2023-10-22,21462.411437704443,19021.748871226584,23847.53945384448
2023-10-23,21446.949616263035,19027.036814719013,23813.504429309764
2023-10-24,21279.035860080086,18966.1947480758,23881.039802734555
2023-10-25,21169.20701909825,18720.90110845487,23657.48637537159
2023-10-26,21234.569658945697,18783.12639203915,23759.646482339256
2023-10-27,21098.693941727757,18604.682755251906,23499.82484949717
2023-10-28,21069.819106284074,18629.16740536103,23492.139140644595
2023-10-29,21144.73081822949,18779.6732582674,23521.91369943496
2023-10-30,21153.75539937481,18574.49996142398,23425.36586227984
2023-10-31,21009.636357005405,18531.697334585846,23597.88442029668
2023-11-01,20922.52228814392,18588.9834754714,23254.23512155344
2023-11-02,21009.194383537615,18480.003836761596,23377.80494306896
2023-11-03,20892.966437410883,18396.31084951938,23315.735578157346
2023-11-04,20881.8939728736,18528.757051074874,23309.262925459094
2023-11-05,20972.6527240018,18619.660852186582,23517.15030377445
2023-11-06,20995.53153463131,18499.163595658552,23516.688905739742
2023-11-07,20863.305221162937,18335.2853660536,23248.00312094042
2023-11-08,20786.216672041963,18394.75118948604,23335.317145258316
2023-11-09,20881.196669158675,18386.022927380858,23261.10858500067
2023-11-10,20771.754651176743,18419.47831911512,23084.386005991764
2023-11-11,20766.177385057566,18462.070937659453,23160.0274718752
2023-11-12,20861.396173488665,18573.154094221518,23207.941813319718
2023-11-13,20887.968062391577,18376.225199864046,23320.295262604915
2023-11-14,20758.937004223324,18450.307175413705,23255.079092204618
2023-11-15,20684.804649368,18147.101336847438,23197.55785349803
2023-11-16,20782.73962916044,18310.04527520334,23127.711474673877
2023-11-17,20676.45889578379,18391.358722121007,23027.605352861905
2023-11-18,20674.41838709301,18351.328240942363,23163.657026052293
2023-11-19,20773.673893424006,18317.93240117825,23154.504554974996
2023-11-20,20804.857780420884,18426.314448651137,23326.20049243838
2023-11-21,20681.672885700937,18432.105757546662,23131.75887015177
2023-11-22,20613.95713455884,18215.44355082981,23167.92262598011
2023-11-23,20718.800096501756,18388.844800359464,23259.124263385755
2023-11-24,20619.792600475765,18395.839543782306,23052.38954940329
2023-11-25,20625.22271959374,18196.53454835707,22873.61784731119
2023-11-26,20731.943565358943,18382.254770672036,23232.4339059457
2023-11-27,20770.35829416742,18257.68761645373,23351.1754627777
2023-11-28,20653.288113358565,17992.416814895867,22966.265586171194
2023-11-29,20590.9526905681,17980.109237522513,23018.932525338958
2023-11-30,20700.191471268758,18423.885815641173,22987.353746043675
2023-12-01,20604.359033769815,18180.033174480686,22999.353865363108
2023-12-02,20611.531251400647,18190.800230594446,22983.60293633927
2023-12-03,20718.382595162046,18330.94497640616,23229.686906483035
2023-12-04,20755.1796596282,18403.971065107213,23151.65784414563
2023-12-05,20634.656413077973,18265.044676271256,23022.985492910106
2023-12-06,20567.000331754898,18087.12533822506,22864.26382691334
2023-12-07,20669.077729189656,18139.819274317568,23052.571419932887
2023-12-08,20564.331271458715,18020.470950537267,23025.911216177676
2023-12-09,20560.986369228933,18174.998610270362,22966.351544158253
2023-12-10,20655.926762447147,18164.090488373397,23173.734323932982
2023-12-11,20679.684424564635,18234.8881969035,23006.843866691037
2023-12-12,20545.309390953837,17968.922539908977,23008.23564345193
2023-12-13,20463.348830932755,18091.806549634122,22872.448929878978
2023-12-14,20551.06388417706,18062.404649923912,22803.667845981538
2023-12-15,20432.317505554034,18023.643841086516,22870.59593749229
2023-12-16,20415.770297423318,17870.78277905739,22835.67164216092
2023-12-17,20498.74495914849,17985.302886457484,22797.738591423946
2023-12-18,20512.20481029869,18021.514685627113,23073.429364011055
2023-12-19,20369.612327056937,18049.046457460434,22927.761859594506
2023-12-20,20281.897340966254,17833.05782323002,22733.732674452705
2023-12-21,20366.663735167454,17976.795987467434,22690.68389114118
2023-12-22,20248.06817164582,17820.940884459782,22787.392385857456
2023-12-23,20235.008084447825,17767.27311056453,22712.44178067854
2023-12-24,20329.165820622562,18035.194862958913,22804.999221247024
2023-12-25,20357.42436721485,17809.444600804898,22569.14362830111
2023-12-26,20233.281091344856,17745.61809143034,22512.25932274783
2023-12-27,20167.628832191993,17817.899120010265,22487.336571951073
2023-12-28,20277.96337142416,17997.086730148294,22815.91247398544
2023-12-29,20188.264728989743,17840.162380695307,22752.927939252942
2023-12-30,20207.18941715912,17946.516707860887,22660.108723643767
2023-12-31,20331.934346774768,17769.04985654483,22537.022178151426
2024-01-01,20393.21781616499,17861.849096783353,22714.042663776116
2024-01-02,20304.143408262556,17786.694848323194,22455.46687261414
2024-01-03,20275.17624813669,17741.391307397793,22699.761926363364
2024-01-04,20423.360183809866,18098.672804642516,23029.31129234471
2024-01-05,20372.209086047467,17925.596463414793,22797.41274524171
2024-01-06,20429.90911050478,18075.061014953902,22817.942783073184
2024-01-07,20593.19233476997,18234.78222886682,23213.41650375545
2024-01-08,20692.326936260866,18208.79328412149,23089.13867487699
2024-01-09,20639.98949707978,18292.359447492596,22941.01459774284
2024-01-10,20646.248680799716,18120.081717444173,22980.120226884792
2024-01-11,20827.788675009942,18604.086546559232,23326.270030538206
2024-01-12,20807.8054690809,18310.436991801056,23156.767644844804
2024-01-13,20894.212730191855,18527.11923019708,23391.085596551213
2024-01-14,21083.51765724281,18831.96907517085,23540.618302090956
2024-01-15,21205.8119929884,18709.974770509623,23582.776037302447
2024-01-16,21173.643840443416,18899.365969499297,23578.90392280563
2024-01-17,21196.999630796614,18691.20864990175,23545.187062124445
2024-01-18,21392.524776588834,19061.795505996855,23679.661069019836
2024-01-19,21383.416251294537,19130.244402780645,23989.110489054387
2024-01-20,21477.62405488441,18845.259860991682,23800.870803359907
2024-01-21,21671.722158681947,19299.66572899756,24240.631397122084
2024-01-22,21795.894332507174,19559.8493957939,24401.90505520997
2024-01-23,21762.800723374825,19512.969145187206,24185.065692318967
2024-01-24,21782.55474841066,19417.959648652646,24060.041546413315
2024-01-25,21971.93903544991,19442.233271891433,24466.70942068455
2024-01-26,21954.293829092137,19459.503749879754,24340.29014280927
2024-01-27,22037.718563905015,19556.53099588357,24428.79761182976
2024-01-28,22218.929335778543,19911.797644147493,24503.40748999633
2024-01-29,22328.253697505905,19950.821219959562,24737.549721468677
2024-01-30,22278.492730820974,19851.822273077727,24754.180540088644
2024-01-31,22279.897922403678,19938.318560575124,24632.979580226005
2024-02-01,22449.387930832323,20050.27578367682,24787.810422741462
2024-02-02,22410.43857124813,19946.93658277091,24837.42615470384
2024-02-03,22471.282997606755,20036.442370447374,24766.91931217844
2024-02-04,22628.782630575497,20372.87689626618,25033.388858442537
2024-02-05,22713.41412550138,20259.30752909759,25178.55735237444
2024-02-06,22638.138082516845,20161.913701584217,24971.170743045535
2024-02-07,22613.378842663038,20051.467076977304,25003.581473615843
2024-02-08,22756.24384203918,20535.86846400995,25064.274720379788
2024-02-09,22690.415648522445,20372.658179399587,25017.252296644652
2024-02-10,22724.353474797303,20235.54851673977,25133.632127110846
2024-02-11,22855.164553759085,20588.152418746802,25157.978249503903
2024-02-12,22913.590540115933,20526.190765779895,25130.605088590255
2024-02-13,22812.87454735795,20400.92438733939,25153.835154169123
2024-02-14,22763.738113765463,20456.685492891746,25170.09151667344
2024-02-15,22883.596565572978,20575.19543313019,25302.694820400546
2024-02-16,22796.445946189622,20329.09232683662,25106.246129203228
2024-02-17,22811.058398128094,20481.364096501122,25150.357419746306
2024-02-18,22924.846523659584,20500.62759855241,25236.13870677304
2024-02-19,22968.84207181444,20499.589023113043,25262.681686799162
2024-02-20,22856.554783610256,20444.27213233953,25273.924218145235
2024-02-21,22798.94094438792,20181.091569909742,25300.479727260004
2024-02-22,22913.610391270144,20417.441548898714,25373.348796168702
2024-02-23,22824.705440291324,20416.918135235923,25142.722104316254
2024-02-24,22841.0889214857,20305.846190200988,25154.74872183516
2024-02-25,22960.202145236035,20565.692046194185,25353.970853674335
2024-02-26,23013.038429904904,20521.108660868376,25505.571923493415
2024-02-27,22912.99827974349,20482.46794041059,25267.692347194243
2024-02-28,22870.85598390698,20695.378885120866,25370.02895324884
2024-02-29,23003.96656252967,20631.390564199555,25394.508489415843
2024-03-01,22936.146648517668,20512.94677830102,25553.50467608621
2024-03-02,22975.866562973213,20662.28400694804,25393.41281888727
2024-03-03,23120.11440820485,20760.32473855868,25429.65561714235
2024-03-04,23199.3777469065,20629.350248858384,25670.914798238056
2024-03-05,23126.508826336194,20662.52747802678,25574.32342753563
2024-03-06,23111.70292269889,20713.254275949796,25350.157895986293
2024-03-07,23271.718473588444,20835.33100558511,25618.925032022653
2024-03-08,23229.772274095183,20864.624611448984,25650.431267521
2024-03-09,23293.74662829388,20877.042291458314,25885.55714960146
2024-03-10,23460.068879832583,21162.710365906372,25836.862968872894
2024-03-11,23558.70845721758,21165.131184345955,26012.82286890448
2024-03-12,23502.056944936197,21114.675188967565,25903.297144167223
2024-03-13,23499.920304476265,21150.091663908097,25895.153293181247
2024-03-14,23668.751472426313,21402.06101965429,26132.247355211708
2024-03-15,23631.556194915924,21264.34195484447,26062.701769491203
2024-03-16,23696.10861155887,21207.357574684844,26118.271652765492
2024-03-17,23858.836684672428,21274.23818063836,26176.04456084732
2024-03-18,23949.82234363891,21505.961475483793,26453.188815799807
2024-03-19,23881.681662174866,21571.399854595587,26295.087000618023
2024-03-20,23864.55407973358,21492.906047425633,26228.10323853256
2024-03-21,24015.3288680331,21504.40441925053,26575.501426287457
2024-03-22,23957.5417660131,21530.57215348967,26471.76169797011
2024-03-23,23999.578451697358,21531.473900677913,26450.522664931705
2024-03-24,24138.545191675425,21795.295965514695,26630.134357481023
2024-03-25,24205.251868235984,21888.464682444355,26554.19463407536
2024-03-26,24113.07311028856,21627.450713196667,26327.62271551709
2024-03-27,24072.917016323136,21652.636200833433,26516.16657233698
2024-03-28,24202.430204236112,21861.941830277487,26557.36431337341
2024-03-29,24125.872688146424,21780.838329569087,26513.065006027286
2024-03-30,24152.29985498727,21650.088327174763,26627.4041180528
2024-03-31,24279.41249671382,21950.28317131247,26564.894416888204
2024-04-01,24338.52070660922,21788.49380422062,26697.00811029084
2024-04-02,24243.387949922828,21845.87816623506,26790.79897974388
2024-04-03,24205.185341772263,21795.291762729168,26709.179235681244
2024-04-04,24341.685338509295,22054.362699714406,26769.70809006291
2024-04-05,24277.128776949277,21985.568227832053,26764.913289860648
2024-04-06,24320.40283163051,21794.38011579658,26762.927741934553
2024-04-07,24468.89108103416,22036.017128081647,26755.390026470868
2024-04-08,24553.441603470048,22210.250280054566,26900.490772780162
2024-04-09,24487.219413373645,22002.868021625047,26993.02199672193
2024-04-10,24480.673151907038,22144.331640257285,26848.306620235195
2024-04-11,24650.74501709232,21960.706041871992,27019.549136436704
2024-04-12,24620.75749690973,22133.69412169319,27063.144239219335
2024-04-13,24698.614047797844,22296.381073309283,27095.928870930566
2024-04-14,24880.67434893337,22448.715543328766,27391.749726648355
2024-04-15,24996.749424490576,22664.82557758134,27345.56936690322
2024-04-16,24958.98224661625,22626.063247861486,27331.691036628563
2024-04-17,24976.842986046882,22426.892960203444,27416.904791186575
2024-04-18,25166.36711931169,22638.881498953873,27571.965296022587
2024-04-19,25150.069171472984,22802.14321004068,27587.777293744657
2024-04-20,25235.16846575857,22755.37030993259,27739.965255582694
2024-04-21,25417.486774588637,22998.99753005687,27723.675772270977
2024-04-22,25526.46248470378,22899.474904245166,27927.514407060095
2024-04-23,25474.04628613873,23165.98389223525,27869.12141234952
2024-04-24,25469.70704375167,23105.919365789156,27979.87504649233
2024-04-25,25629.675662924143,23297.748867889095,27843.992438305668
2024-04-26,25576.859455189056,23189.06467596049,28234.26040102069
2024-04-27,25619.06323616256,23114.274893488964,28034.731474144304
2024-04-28,25752.87705210243,23449.408600804218,27940.233721252986
2024-04-29,25808.67529315262,23097.239834462904,28206.96239082894
2024-04-30,25699.492490776378,23337.29124346849,28046.46542476262
2024-05-01,25636.004883138557,23291.437789380565,28104.814864812022
2024-05-02,25735.74611341508,23363.89062198107,27970.505911000655
2024-05-03,25622.99023576264,23069.65253287773,28094.47460917185
2024-05-04,25606.93902986656,23222.355617365487,28088.322548379885
2024-05-05,25685.574369368787,23203.52071107799,28196.122256114173
2024-05-06,25690.6213378064,23224.063751506772,28034.61385840991
2024-05-07,25536.388193845156,23089.62806221975,28064.691351054513
2024-05-08,25434.71350046509,22988.23879268957,27888.84004842773
2024-05-09,25504.149443547638,23233.915890612243,27624.059834753847
2024-05-10,25369.815550453368,22941.772481794604,27894.13734729573
2024-05-11,25341.56061299915,22992.87786430439,27696.253788334667
2024-05-12,25417.794302066708,22931.62611916054,27510.443414670706
2024-05-13,25430.43477093001,23093.684917638573,27706.51290552364
2024-05-14,25293.738989648147,22851.93613995064,27773.669097186226
2024-05-15,25219.24620449437,22630.672501343885,27637.607942560226
2024-05-16,25324.964025636382,22950.744264729063,27504.709616215372
2024-05-17,25235.2312507176,23028.145910314546,27595.41877964025
2024-05-18,25258.895124623297,23092.573331130156,27691.035632041745
2024-05-19,25393.164224206936,23108.46030754143,27594.373988942905
2024-05-20,25468.58280565072,22873.60413062392,27790.408239322882
2024-05-21,25397.892746479178,22960.46301213944,27744.250487748108
2024-05-22,25391.012729205428,22898.5734098662,27911.615238963754
2024-05-23,25564.26330422623,23115.711422966764,28009.025237776717
2024-05-24,25540.270976902975,23216.878487473492,27975.821335086395
2024-05-25,25626.18798361423,23363.34498288648,28108.57971562668
2024-05-26,25817.587863836692,23133.08374600824,28064.449674846688
2024-05-27,25943.48156608867,23496.853592183423,28408.459486125284
2024-05-28,25915.219130667596,23375.95693911884,28293.652351502373
2024-05-29,25941.50554676248,23658.25709532426,28334.11286070078
2024-05-30,26137.65843992068,23890.3240179242,28724.41947999761
2024-05-31,26125.539847634318,23909.882520673116,28593.403209855547
2024-06-01,26211.797979394796,23888.252830046466,28498.755867609474
2024-06-02,26391.77844004379,24113.791284080682,28815.489796959453
2024-06-03,26494.549184105163,24083.78592957255,29051.236696493736
2024-06-04,26431.803945787993,24175.413644471195,28786.32689042482
2024-06-05,26412.872625322547,23912.16235748843,28872.83080484459
2024-06-06,26553.966356649813,23947.192530817545,29278.61120365307
2024-06-07,26478.08976900346,24016.118982918208,28851.87833597156
2024-06-08,26493.256774068188,24150.078674843393,29130.95363096102
2024-06-09,26596.369963460125,24404.889478909074,29091.756911465603
2024-06-10,26618.20864612865,24193.954666419504,28984.169742765775
2024-06-11,26472.291169504526,23898.485544326133,28743.109568202115
2024-06-12,26369.8410188381,24023.8109132731,28762.372471637726
2024-06-13,26428.985522480216,24061.54417726499,28814.05507692199
2024-06-14,26274.620839089963,23912.690219818058,28806.369904553503
2024-06-15,26216.580752648348,23672.54217846228,28582.755360811214
2024-06-16,26253.470553995052,23798.369128374627,28634.28027580662
2024-06-17,26217.612201154305,23826.914087866582,28611.635294792606
2024-06-18,26023.867503209236,23540.85039485998,28268.547387439703
2024-06-19,25884.569832407255,23539.29749577025,28320.384934885114
2024-06-20,25918.694085188243,23587.398225464338,28328.305383048777
2024-06-21,25751.699320002568,23291.225525017948,28287.422814632242
2024-06-22,25693.682188640483,23343.939048185934,28154.231243584607
2024-06-23,25743.202853658542,23235.73146404046,28314.698435876697
2024-06-24,25732.229809822777,23281.208540274194,28149.373900179668
2024-06-25,25574.970385359746,23351.155528526055,27984.938183093072
2024-06-26,25482.81726292285,23035.346812813914,27919.07251789154
2024-06-27,25573.5403841656,23244.212867231545,27944.54829996155
2024-06-28,25471.158125985494,22963.579786426777,27697.84927776188
2024-06-29,25484.125156039514,23133.161231233113,28003.087336134093
2024-06-30,25609.197799919515,23248.111175832426,28005.672197085612
2024-07-01,25676.42234880985,23321.299979507712,27986.53376739082
2024-07-02,25598.011991027888,23221.352441601586,27953.80743346701
2024-07-03,25583.341539937366,23299.942670961438,27820.852829726482
2024-07-04,25748.18810999769,23322.3942437378,28420.487188750238
2024-07-05,25714.650403577172,23456.403179305857,27907.9037410502
2024-07-06,25789.38280915683,23513.192783528903,28000.511091094453
2024-07-07,25967.503986063548,23596.47277882107,28274.622539075135
2024-07-08,26077.62428691113,23777.526385662135,28435.323254471412
2024-07-09,26030.7567308958,23684.22836733292,28573.11594433969
2024-07-10,26035.33986246267,23633.634654695463,28341.918439427463
2024-07-11,26206.499962804064,23764.932120493177,28656.331864916876
2024-07-12,26165.984763411845,23663.990498280866,28467.626706033705
2024-07-13,26220.40453264593,23639.834762810624,28674.096741007506
2024-07-14,26365.14007230844,23850.749517892542,28777.072177777212
2024-07-15,26429.362031678767,24080.54278118054,28801.562479137574
2024-07-16,26324.92650050009,24044.135737772896,28611.056848236687
2024-07-17,26261.375648547866,23857.49810580766,28598.392775608114
2024-07-18,26355.171484910876,23731.59575538204,28824.550172409527
2024-07-19,26229.5956478327,23927.27634272602,28728.491133843414
2024-07-20,26192.95199291096,23735.366694106968,28757.606256566298
2024-07-21,26242.432524605032,23898.900446718962,28863.794546219135
2024-07-22,26209.092170615582,23862.70130558324,28612.852123090408
2024-07-23,26006.69850791256,23511.447246374388,28518.911447148355
2024-07-24,25846.686380159088,23560.918515197765,28133.795625784023
2024-07-25,25847.346645933398,23536.881869905486,28277.488621675733
2024-07-26,25633.68309853391,23291.061352031855,28136.25486347211
2024-07-27,25515.57538957554,23240.471949513078,28020.8051401427
2024-07-28,25491.609472911314,23060.336379606626,27975.065721373474
2024-07-29,25394.021922505737,23108.200982673923,27737.591095219792
2024-07-30,25137.524948284736,22913.224646755734,27394.566925286388
2024-07-31,24934.24260860098,22422.01830259605,27306.393634658783
2024-08-01,24902.887848036407,22488.398787486338,27267.08742282439
2024-08-02,24668.61461248358,22304.751577626073,27106.277792381574
2024-08-03,24541.182902897835,22073.169438075747,26947.864655560705
2024-08-04,24518.798132532844,22097.38341309556,27202.254487168615
2024-08-05,24433.070814544208,22009.24331022231,26820.139454608005
2024-08-06,24197.86291270453,21693.259639142703,26585.22966515015
2024-08-07,24024.250712817506,21728.122684902293,26463.500175416266
2024-08-08,24029.733071352555,21610.500360319,26593.32562529385
2024-08-09,23838.118411844065,21312.74177630127,26247.2997750377
2024-08-10,23757.727364474365,21306.519512004128,26082.452840360143
2024-08-11,23785.271389751702,21356.768419277203,25999.951828198857
2024-08-12,23750.852359267046,21337.419624183938,26248.745676875234
2024-08-13,23566.848370744683,21008.24190989706,26039.959243371333
2024-08-14,23442.914626020327,20968.489103903357,25832.96615556304
2024-08-15,23495.22725312536,20936.234425441427,26008.614996552406
2024-08-16,23346.40254672087,20944.646935728633,25776.391402038953
2024-08-17,23303.72772791121,20940.339411773886,25663.96664227756
2024-08-18,23363.062891829257,20781.96358312851,25757.752894928744
2024-08-19,23353.858581674027,20801.100311411705,25843.2411402428
2024-08-20,23188.053882804503,20771.050861558877,25635.967798559737
2024-08-21,23075.08364079658,20528.608910916948,25412.087955803137
2024-08-22,23131.12262262146,20550.959259091906,25561.05824143437
2024-08-23,22978.99919522822,20591.78861706217,25339.81979083775
2024-08-24,22926.414879596763,20590.747192890747,25357.221686109442
2024-08-25,22969.829853472766,20525.611763980854,25398.57086773279
2024-08-26,22939.4593809102,20359.05741296136,25313.782237003197
2024-08-27,22748.14671968168,20465.26125163562,25362.306071887848
2024-08-28,22606.341866300474,20109.213833413898,25039.56354217942
2024-08-29,22631.314790014592,20191.66096739478,25013.178401997895
2024-08-30,22447.03661478444,20002.1332900848,24875.34462094634
2024-08-31,22362.366019690566,20090.359905272653,24745.578591572004
2024-09-01,22374.901845656736,20148.614306671414,24856.655128585055
2024-09-02,22315.947778612128,19808.183176742947,24773.217730696175
2024-09-03,22099.35550540777,19749.874157998704,24607.341205864548
2024-09-04,21936.47647838976,19467.681669368543,24451.132630786055
2024-09-05,21945.351626884887,19509.811923746824,24344.574560276564
2024-09-06,21750.573054841007,19424.157531267203,24249.625513621144
2024-09-07,21661.455454473613,19237.57138011797,23915.558777537524
2024-09-08,21675.87855172016,19329.37679007134,23966.439159230053
2024-09-09,21625.24664324777,19113.81089355118,24073.847628929296
2024-09-10,21423.3316697394,19047.03570828171,23872.537735605933
2024-09-11,21281.22986961619,18728.888667288276,23634.184747226205
2024-09-12,21316.56112449593,18812.78659972165,23858.683989922763
2024-09-13,21153.344682055016,18862.40009651214,23642.69516286118
2024-09-14,21100.188517938524,18721.93635380861,23359.09874260541
2024-09-15,21154.153084677186,18661.867520259762,23697.07782680158
2024-09-16,21145.73485737285,18645.242045634797,23773.729349509566
2024-09-17,20987.73540828208,18617.922128529943,23251.10256144073
2024-09-18,20890.24530017899,18594.815532782293,23183.29930880597
2024-09-19,20969.871135595728,18733.729896244695,23342.601471471316
2024-09-20,20849.638675415634,18561.271742037883,23228.24331333207
2024-09-21,20837.208539792835,18327.48564531134,23326.605330858605
2024-09-22,20928.764534678205,18631.815785806022,23279.12724418021
2024-09-23,20954.019371915678,18354.715536199517,23246.619920460045
2024-09-24,20825.102952887028,18398.515214799907,23283.324152485893
2024-09-25,20751.562037346477,18251.975939709493,23349.40224139777
2024-09-26,20849.59927150422,18380.522066075737,23386.67205293091
2024-09-27,20741.984239215162,18525.990556961122,22966.985674626005
2024-09-28,20736.272917773276,18423.41818254157,23141.97528318816
2024-09-29,20828.695569693675,18583.51852647421,23157.795351996847
2024-09-30,20849.157944023307,18414.00275085532,23335.464282408833
2024-10-01,20710.121174875214,18348.4223976599,23165.122598073092
2024-10-02,20621.589520229627,18107.83566707465,23032.99681418165
2024-10-03,20700.33432890599,18479.925253605994,23149.362949627404
2024-10-04,20569.787392185142,18214.254538370136,23104.897972280367
2024-10-05,20538.24061730725,17905.8099948061,23064.81541690296
2024-10-06,20602.712655915184,18121.867450318863,23022.213000479664
2024-10-07,20593.9279904547,18094.719942316995,23064.38456149577
2024-10-08,20425.174504910163,18162.62837821067,22905.153696796184
2024-10-09,20307.26931230689,17975.630055267506,22481.929463858898
2024-10-10,20357.761829136016,18100.733045045003,22589.876236983157
2024-10-11,20200.80781155266,17878.903514117254,22445.953478259038
2024-10-12,20145.351789997247,17836.077658251048,22814.92776548668
2024-10-13,20188.978962643432,17949.07638482585,22422.740424213047
2024-10-14,20162.882395234137,17791.906289447335,22566.031082103622
2024-10-15,19980.711807343076,17507.577171051274,22398.324939195907
2024-10-16,19853.533874943954,17576.444913410694,22249.98380300477
2024-10-17,19899.033098396743,17435.365906292238,22196.274014972994
2024-10-18,19741.386911658232,17260.121931842827,22241.532955849252
2024-10-19,19689.452335847083,17223.984997963267,22127.83796907909
2024-10-20,19740.625015676393,17036.380565981854,22187.555009109456
2024-10-21,19725.81618472144,17471.999210422357,22130.535296644717
2024-10-22,19558.31346906526,17097.24174558761,21867.3854926579
2024-10-23,19448.755032471716,17042.224437925342,22029.93273469104
2024-10-24,19514.345643216733,17057.799843224115,21821.47326682345
2024-10-25,19378.7478422274,16958.331779911106,21838.91577538187
2024-10-26,19350.285007783757,16819.98862429058,21746.1075616524
2024-10-27,19425.816651260662,16966.459100353164,21886.14115645734
2024-10-28,19435.73100476836,17024.234531604274,21833.194928950303
2024-10-29,19292.820358258727,16912.28476427637,21768.520519677535
2024-10-30,19207.26824332306,16918.082148199774,21529.99865825448
2024-10-31,19295.87669519809,16760.16362703685,21675.758555072352
2024-11-01,19181.966490605293,16826.515841288267,21727.538523032734
2024-11-02,19173.586948315402,16744.887153483014,21538.508605789288
2024-11-03,19267.39549689496,16827.634398262217,21613.089417441162
2024-11-04,19293.65202101222,16653.562674815978,21737.192215678522
2024-11-05,19165.09347459744,16774.492481596488,21427.692978174957
2024-11-06,19091.91796625365,16652.078882109836,21367.17920412346
2024-11-07,19191.00672894581,16764.38891105491,21804.400696370423
2024-11-08,19085.817117179005,16692.673115830574,21564.2399992387
2024-11-09,19084.583520143366,16801.850863309934,21444.54021496439
2024-11-10,19184.186742160236,16730.778942510733,21654.56673988759
2024-11-11,19215.137242096476,16935.2973387921,21668.3331579115
2024-11-12,19090.438121049465,16437.902156194163,21456.686470317993
2024-11-13,19020.557472280077,16570.478842496294,21385.106242556718
2024-11-14,19122.638908455272,16639.840300516596,21551.26519254614
2024-11-15,19020.3837941725,16830.070857388942,21438.099767839096
2024-11-16,19022.24242678511,16596.31966119011,21446.8428647796
2024-11-17,19125.27503040285,16636.751238617708,21545.521394724674
2024-11-18,19160.128217938945,16737.041912741683,21554.49870373141
2024-11-19,19039.8930158008,16644.378848014745,21433.933444272545
2024-11-20,18975.074206915702,16411.65117157061,21420.4800317969
2024-11-21,19082.79988175532,16589.636608309596,21545.450066294343
2024-11-22,18986.70473143493,16449.8431396211,21377.401597590473
2024-11-23,18995.124264298745,16702.932493048185,21455.936878766657
2024-11-24,19104.960684509617,16854.201339368894,21618.17922124774
2024-11-25,19146.665901329467,16699.165428882054,21393.32256589975
2024-11-26,19033.107524454874,16771.07701147985,21477.753194122677
2024-11-27,18974.547317173958,16591.834587677607,21314.01514060616
2024-11-28,19087.86067806613,16688.771900535063,21448.510780784793
2024-11-29,18996.430342003074,16558.213937142773,21394.03140837474
2024-11-30,19008.351125484813,16456.462126268223,21467.8549511914
2024-12-01,19120.306096942055,16453.183590862172,21592.875191086605
2024-12-02,19162.559292799604,16549.207690187675,21611.225494929455
2024-12-03,19047.830507790506,16695.43028590392,21373.44153951163
2024-12-04,18986.281335678075,16711.942851050702,21507.01570492919
2024-12-05,19094.740775900184,16781.10707274001,21590.614268073245
2024-12-06,18996.603389857646,16542.440142732143,21475.05625378678
2024-12-07,19000.036679162004,16540.241407305817,21502.480018756167
2024-12-08,19101.85797244359,16769.840924399963,21543.47118515304
2024-12-09,19132.525908666004,16630.47724179116,21551.106879496336
2024-12-10,19005.012074239497,16552.252170629974,21524.49792475851
2024-12-11,18929.782059191286,16487.584745015793,21199.379954916698
2024-12-12,19024.014393883564,16617.892804998595,21386.48952487398
2024-12-13,18911.490547887483,16472.485171049462,21547.531776270618
2024-12-14,18900.792906381346,16452.724491216613,21310.073551326117
2024-12-15,18989.17129095678,16589.042985482156,21371.000399906592
2024-12-16,19007.523421149042,16729.64601755969,21394.042552014005
2024-12-17,18869.255200625885,16467.27453445417,21275.729304690158
2024-12-18,18785.25042780288,16560.60952975249,21261.480311791413
2024-12-19,18873.07872436305,16543.839118734428,21407.146447482195
2024-12-20,18756.875182411968,16444.433993937877,20952.992833766355
2024-12-21,18745.528942199977,16170.312045946333,21193.61102474233
2024-12-22,18836.54153235577,16607.89260632583,21280.796863299798
2024-12-23,18861.000594697565,16390.064956909697,21514.85847747155
2024-12-24,18732.435057494404,16266.531745231912,21195.00373699234
2024-12-25,18661.781486128486,16235.602686624079,21013.722369955685
2024-12-26,18766.590479759852,16431.24784150766,21149.343681522292
2024-12-27,18670.906634237777,16066.004757908091,21052.029710313098
2024-12-28,18683.459247350977,16175.110437975021,21088.229359018733
2024-12-29,18801.52450912441,16419.667504054694,21533.94959232872
2024-12-30,18855.904660274697,16552.198606542363,21231.838447418057
2024-12-31,18759.789999176584,16426.635751411162,21203.81197967797
2025-01-01,18723.73324477557,16360.066367612602,21278.35561362667
2025-01-02,18864.864872107406,16394.97544394983,21080.424885327175
2025-01-03,18806.782666881933,16460.297036348442,21200.111037018625
2025-01-04,18857.75238858587,16531.56958068634,21395.029273943925
